{
  "Total" : {
    "transaction" : "Total",
    "sampleCount" : 500,
    "errorCount" : 147,
    "errorPct" : 29.4,
    "meanResTime" : 25034.392000000003,
    "medianResTime" : 24656.0,
    "minResTime" : 930.0,
    "maxResTime" : 42121.0,
    "pct1ResTime" : 42086.0,
    "pct2ResTime" : 42093.0,
    "pct3ResTime" : 42108.99,
    "throughput" : 10.686729219655033,
    "receivedKBytesPerSec" : 459.7538403763332,
    "sentKBytesPerSec" : 0.8694238650693569
  },
  "HTTP Request" : {
    "transaction" : "HTTP Request",
    "sampleCount" : 500,
    "errorCount" : 147,
    "errorPct" : 29.4,
    "meanResTime" : 25034.392000000003,
    "medianResTime" : 24656.0,
    "minResTime" : 930.0,
    "maxResTime" : 42121.0,
    "pct1ResTime" : 42086.0,
    "pct2ResTime" : 42093.0,
    "pct3ResTime" : 42108.99,
    "throughput" : 10.686729219655033,
    "receivedKBytesPerSec" : 459.7538403763332,
    "sentKBytesPerSec" : 0.8694238650693569
  }
}